<?xml version="1.0" encoding="UTF-8"?>
<beans xmlns="http://www.springframework.org/schema/beans"
       xmlns:xsi="http://www.w3.org/2001/XMLSchema-instance"
       xmlns:context="http://www.springframework.org/schema/context"
       xmlns:mvc="http://www.springframework.org/schema/mvc"
       xsi:schemaLocation="http://www.springframework.org/schema/beans http://www.springframework.org/schema/beans/spring-beans-2.5.xsd
                http://www.springframework.org/schema/context http://www.springframework.org/schema/context/spring-context-3.0.xsd
                http://www.springframework.org/schema/mvc http://www.springframework.org/schema/mvc/spring-mvc-3.0.xsd">

    <mvc:annotation-driven/>

    <context:component-scan base-package="com.forum.web"/>

    <!--<bean class="org.springframework.beans.factory.config.PropertyPlaceholderConfigurer"-->
    <!--p:properties-ref="externalProperties"-->
    <!--p:searchSystemEnvironment="true" />-->

    <bean id="viewResolver" class="org.springframework.web.servlet.view.InternalResourceViewResolver">
        <property name="viewClass" value="org.springframework.web.servlet.view.JstlView"/>
        <property name="prefix" value="/WEB-INF/view/"/>
        <property name="suffix" value=".jsp"/>
    </bean>


    <bean id="messageSource" class="org.springframework.context.support.ReloadableResourceBundleMessageSource">
        <property name="basename" value="/WEB-INF/messages">
    </property></bean>

        <!--<bean id="freemarkerConfig" class="org.springframework.web.servlet.view.freemarker.FreeMarkerConfigurer">-->
    <!--<property name="templateLoaderPath" value="/WEB-INF/freemarker/"/>-->
    <!--</bean>-->

    <!--<bean id="viewResolver" class="org.springframework.web.servlet.view.freemarker.FreeMarkerViewResolver">-->
    <!--<property name="cache" value="true"/>-->
    <!--<property name="prefix" value=""/>-->
    <!--<property name="suffix" value=".ftl"/>-->
    <!--<property name="exposeSpringMacroHelpers" value="true"/>-->
    <!--</bean>-->
</beans>